p-1,Port Alpha,120.00,130.00,1000.00,false
p-2,Port Bravo,121.00,131.00,2000.00,true
p-3,Port Pearl,100.00,234.00,10000.00,false
p-4,Port Delta,123.00,133.00,4000.00,false
p-5,Port Echo,124.00,134.00,5000.00,true
p-6,Port Foxtrot,125.00,135.00,6000.00,false
p-7,Port Golf,126.00,136.00,7000.00,true
p-8,Port Hotel,127.00,137.00,8000.00,false
p-9,Port India,128.00,138.00,9000.00,true
p-10,Port Juliet,129.00,139.00,10000.00,false
p-12,Port Kristen,120.00,220.00,10000.00,false
p-11,Port Lmao,200.00,350.00,1000.00,true
p-13,Port Open,200.00,320.00,1500.00,false
p-14,Port OOP,88.00,180.00,900.00,false
p-15,test,80.00,100.00,10000.00,true
